career,profile,word_count
Mobile App Developer,"The student wants to learn mobile app development across iOS and Android platforms using Swift and Kotlin respectively. They aim to master cross-platform frameworks like React Native and Flutter to build efficient applications for multiple devices. The student seeks expertise in mobile UI/UX design principles, responsive layouts, and user interaction patterns. They want to understand mobile-specific challenges including battery optimization, network connectivity handling, and device fragmentation. The student needs skills in RESTful APIs, backend integration, and data persistence using SQLite or Firebase. Additionally, they aspire to learn mobile testing frameworks, debugging tools, and app deployment processes through app stores. Version control and agile development practices are essential competencies for this career path.",112
Graphics Programmer,"The student wants to learn advanced computer graphics fundamentals including transformations, rasterization, and ray tracing algorithms. They aim to master real-time rendering pipelines using modern graphics APIs like Vulkan, DirectX 12, and OpenGL. The student seeks expertise in shader programming with GLSL and HLSL, alongside deep understanding of GPU architecture and optimization techniques. They want to develop proficiency with industry-standard engines like Unreal Engine and game development frameworks. Additionally, the student intends to study computational geometry, lighting models, and visual effects implementation. They plan to build a strong foundation in linear algebra and multi-threaded programming while creating a portfolio of graphics projects demonstrating optimization and visual quality.",107
Game Developer,"The student wants to learn game development fundamentals including physics engines, rendering pipelines, and real-time graphics optimization. They aim to master popular game engines like Unity and Unreal Engine, focusing on C++ and C# programming. The student seeks expertise in game design patterns, network architecture for multiplayer systems, and audio integration. They want to develop skills in 3D mathematics, collision detection, and performance profiling. Additionally, the student intends to study shader programming, asset optimization, and animation systems. They aspire to understand game AI implementation, level design principles, and user experience testing to create engaging interactive experiences.",96
Embedded Software Engineer,"The student wants to learn embedded systems fundamentals including microcontroller programming, real-time operating systems, and hardware-software integration. They should develop proficiency in C and assembly language for low-level resource-constrained environments, along with skills in debugging tools like JTAG and logic analyzers. The student needs expertise in peripheral interfaces such as I2C, SPI, and UART protocols. Additionally, they should understand power management, memory optimization, and timing constraints critical to embedded applications. Experience with development platforms like ARM Cortex-M processors and tools such as embedded IDEs will strengthen their foundation. Finally, the student must gain practical knowledge in testing methodologies and safety-critical systems relevant to automotive or IoT domains.",107
Data Analyst,"The student wants to learn statistical analysis, data visualization, and business intelligence tools essential for data analytics. They need proficiency in SQL for database querying, Python or R for statistical computing, and Excel for data manipulation. The student should master data cleaning, exploratory data analysis, and predictive modeling techniques. They want hands-on experience with visualization platforms like Tableau or Power BI to communicate insights effectively. The student also aims to understand business metrics, A/B testing, and data storytelling. Additionally, they seek foundational knowledge in machine learning algorithms, query optimization, and working with large datasets to solve real-world analytical problems and drive data-informed decision-making across organizations.",105
Robotics Engineer,"The student wants to learn embedded systems programming with C and C++ to develop robot control software. They need expertise in real-time operating systems, sensor integration, and actuator control. Knowledge of robotics frameworks like ROS and simulation tools such as Gazebo will be essential. The student should develop skills in computer vision and machine learning for autonomous navigation and object recognition. Understanding kinematics, dynamics, and path planning algorithms is critical. Experience with microcontroller programming, particularly Arduino and ARM-based platforms, will strengthen their foundation. The student also needs to master control theory and systems design to build reliable autonomous systems.",99
Computer Vision Engineer,"The student wants to learn advanced image processing techniques and deep learning architectures like CNNs, ResNets, and Vision Transformers. They need expertise in popular computer vision frameworks including OpenCV, PyTorch, and TensorFlow. The student should develop skills in object detection, semantic segmentation, image classification, and pose estimation. They want to understand camera calibration, 3D reconstruction, and stereo vision fundamentals. The student aims to master optimization techniques for deploying models on edge devices and GPUs. They should gain experience with datasets like COCO and ImageNet, and develop proficiency in debugging visual recognition pipelines and improving model accuracy through data augmentation and transfer learning strategies.",103
DevOps Engineer,"The student wants to learn containerization technologies like Docker and Kubernetes to orchestrate scalable applications. They aim to master infrastructure as code tools such as Terraform and Ansible for automating deployment processes. The student seeks expertise in continuous integration and continuous deployment pipelines using Jenkins or GitLab CI. They want to develop proficiency with cloud platforms including AWS, Azure, and GCP for managing distributed systems. The student needs skills in monitoring and logging tools like Prometheus and ELK Stack to ensure system reliability. Finally, they want to understand networking, security practices, and Linux system administration to build robust, secure infrastructure that supports modern application development workflows.",106
IoT Developer,"The student wants to learn embedded systems programming using C and C++ for microcontroller development, particularly with Arduino and ARM platforms. They aim to master IoT communication protocols including MQTT, CoAP, and HTTP/HTTPS for device connectivity. The student should develop expertise in real-time operating systems, sensor integration, and hardware interfacing techniques. They want to understand cloud platforms like AWS IoT and Azure IoT Hub for data processing and management. Additionally, the student needs to learn low-power design optimization, network security for IoT devices, and firmware development. Practical experience with development boards, debugging tools, and IoT frameworks will be essential for building reliable connected device solutions.",105
Healthcare IT Specialist,"The student wants to learn healthcare data management systems, electronic health record architecture, and HIPAA compliance frameworks. They need proficiency in SQL and database design for patient information systems, cloud infrastructure platforms like AWS or Azure for healthcare deployments, and cybersecurity principles specific to medical data protection. The student should develop expertise in healthcare interoperability standards including HL7 and FHIR protocols. They aim to master system integration techniques, health information exchange workflows, and clinical workflow optimization. Additionally, the student wants to understand medical terminology, healthcare business processes, and regulations governing patient privacy to effectively bridge technology and clinical practice requirements.",100
Quantum Computing Researcher,"The student wants to learn quantum algorithms and circuit design using frameworks like Qiskit and Cirq. They aim to master quantum gates, entanglement, and superposition principles through hands-on implementation. The student seeks expertise in linear algebra and complex mathematics essential for quantum mechanics. They want to develop proficiency in hybrid quantum-classical programming and understand variational quantum algorithms. The student intends to learn about quantum error correction and noise mitigation techniques. Additionally, they want to explore quantum machine learning applications and study research papers from leading quantum computing labs. Experience with high-performance computing and optimization methods will strengthen their research foundation.",100
VR Developer,"The student wants to learn game engine development using Unity and Unreal Engine, with emphasis on VR-specific frameworks like OpenXR and SteamVR. They need expertise in 3D graphics programming, including shader development and spatial rendering optimization. The student should master C# and C++ for performance-critical VR applications. Additionally, they want to develop proficiency in 3D modeling and animation tools such as Blender to support asset creation. The student is interested in understanding human-computer interaction, user experience design for immersive environments, and motion tracking systems. Finally, they aim to gain practical experience with VR hardware platforms and learn about optimization techniques for maintaining high frame rates essential for reducing motion sickness in virtual reality applications.",114
Blockchain Engineer,"The student wants to learn cryptographic fundamentals including hash functions, digital signatures, and elliptic curve cryptography to understand blockchain security. They need proficiency in Solidity and smart contract development on Ethereum, alongside systems programming in Rust or C++ for blockchain node implementation. The student should master distributed systems concepts like consensus mechanisms, Byzantine fault tolerance, and peer-to-peer networking protocols. Additionally, they require expertise in web3 libraries, transaction architecture, and gas optimization techniques. Understanding formal verification methods and security auditing practices is essential for writing secure decentralized applications and protocols.",89
SEO Specialist,"The student wants to learn search engine optimization fundamentals including keyword research, on-page optimization, and link building strategies. They should develop proficiency with SEO tools such as Google Analytics, Google Search Console, SEMrush, and Ahrefs for performance tracking and competitive analysis. Understanding of technical SEO, including site architecture, XML sitemaps, and Core Web Vitals, is essential. The student needs to master content marketing principles and copywriting for search intent optimization. Knowledge of HTML and CSS basics will support technical implementation work. They should also study local SEO, mobile optimization, and algorithm updates. Finally, developing data analysis skills and experience with A/B testing will enable them to measure campaign effectiveness and demonstrate ROI to clients.",114
Data Privacy Specialist,"The student wants to learn cryptography fundamentals and encryption algorithms including AES and RSA to protect sensitive data. They aim to master GDPR, CCPA, and other regulatory frameworks to ensure legal compliance. The student should develop expertise in data anonymization techniques, differential privacy, and secure data handling protocols. They want to gain proficiency with privacy-preserving technologies like homomorphic encryption and secure multi-party computation. The student needs to understand threat modeling, vulnerability assessment, and risk analysis methodologies. Additionally, they should learn Python and SQL for implementing privacy controls and auditing data systems. Finally, the student wants to develop skills in privacy impact assessments and incident response procedures.",106
