career,profile,word_count,onet_chars
Machine Learning Researcher,"The student wants to learn fundamental computer science theory and research methodologies essential for machine learning investigation. They need to master data-oriented programming languages and develop proficiency with visualization software for reporting findings. The student aims to apply data mining, data modeling, and natural language processing techniques to analyze large structured and unstructured datasets. Additionally, they want to develop expertise in machine learning algorithms and analytics applications that transform raw data into meaningful information. The student seeks to visualize, interpret, and communicate data findings effectively through dynamic reports while designing innovative solutions to complex computational problems.",96,620
Data Scientist,"The student wants to learn data-oriented programming languages and visualization software to transform raw data into meaningful information. They aim to develop proficiency in data mining and data modeling techniques for extracting insights from large structured and unstructured datasets. The student seeks to master machine learning and natural language processing applications to analyze complex data patterns. Additionally, they want to develop skills in interpreting and reporting data findings, including the ability to create dynamic data reports that communicate analytical results effectively to stakeholders.",83,436
Software Engineer,"The student wants to learn software design and development methodologies to research and create computer and network software solutions. They aim to develop proficiency in analyzing user requirements and translating them into functional software applications using computer science principles and mathematical analysis. The student seeks to master techniques for updating and enhancing existing software systems while understanding hardware-software integration. They want to build skills in database maintenance and development, working both independently and collaboratively. The student intends to apply engineering practices and technical specifications to develop high-performance software systems.",89,569
Web Developer,"The student wants to develop proficiency in creating websites and web applications while mastering interactive web interfaces. They aim to learn how to evaluate and structure code according to industry standards, ensuring compatibility across different browsers and devices. The student seeks to optimize website performance and scalability through server-side code improvements and process refinement. Additionally, they want to develop expertise in website infrastructure design and integration of websites with other computer applications. These skills will enable the student to implement comprehensive web solutions that meet professional standards.",87,402
Information Security Analyst,"The student wants to learn how to plan, implement, and upgrade security measures for computer networks and information systems. They need to develop skills in assessing system vulnerabilities and identifying security risks through technical analysis. The student should gain expertise in proposing and implementing risk mitigation strategies to protect digital files and critical electronic infrastructure. Additionally, they want to learn how to ensure appropriate security controls are deployed across systems. The student also needs to develop incident response capabilities to effectively handle computer security breaches and virus threats when they occur.",91,394
Machine Learning Engineer,"The student wants to learn data-oriented programming languages and develop proficiency with visualization software to transform raw data into meaningful information. They aim to master data mining, data modeling, and natural language processing techniques to extract and analyze information from both structured and unstructured datasets. The student seeks to apply machine learning methodologies to solve complex problems and develop analytics applications. They want to build skills in interpreting and reporting data findings through dynamic data reports, enabling them to make data-driven decisions and communicate insights effectively to stakeholders.",88,436
Database Administrator,"The student wants to learn database management systems and how to administer, test, and implement computer databases effectively. They aim to develop expertise in identifying, investigating, and resolving database performance issues, capacity planning, and scalability challenges. The student seeks to master coordinating database changes across systems and implementing technical security measures to safeguard databases. Additionally, they want to build skills in monitoring database performance, managing resources efficiently, and ensuring data protection protocols are properly executed to maintain system integrity and reliability in professional database environments.",85,340
Cloud Solutions Architect,"The student wants to learn cloud infrastructure design and deployment across multiple platforms to architect scalable solutions. They need expertise in systems management, integration techniques, and complex problem-solving methodologies. The student should develop skills in network administration, infrastructure optimization, and application system design. They want to master tools and technologies for managing distributed systems, implementing cloud services, and ensuring system reliability. Additionally, the student needs to understand performance management, security protocols, and operational best practices required for managing enterprise-level cloud environments and addressing sophisticated technical challenges.",86,167
Mobile App Developer,"The student wants to learn software design and development principles applicable to mobile platforms. The student needs to develop proficiency in analyzing user requirements and translating them into functional applications. The student should master programming techniques and computer science fundamentals to create specialized mobile utility programs. The student wants to enhance existing application capabilities through updates and feature development. The student should understand how to integrate software with mobile hardware systems and establish performance specifications. The student needs skills in database maintenance and design for mobile applications, potentially collaborating with teams on database development.",94,569
Graphics Programmer,"The student wants to become a graphics programmer by developing expertise in creating and modifying code that powers visual applications. They aim to master writing computer programs for rendering, display systems, and visual data processing. The student seeks to understand specifications from software developers and translate them into functional graphics code and scripts. They want to build skills in testing graphics applications, working with rendering pipelines, and managing visual data structures. Additionally, the student intends to learn how to retrieve and process graphical information efficiently while collaborating with development teams to implement visual specifications from concept through deployment.",98,287
NLP Research Scientist,"The student wants to learn foundational computer science theory and research methodologies essential for NLP work. They need to develop expertise in machine learning algorithms, neural networks, and deep learning frameworks commonly used in language processing tasks. The student should gain proficiency with programming languages like Python and tools such as TensorFlow or PyTorch for implementing NLP models. They must understand natural language processing techniques including tokenization, embeddings, and transformer architectures. Additionally, the student wants to master research skills in designing experiments, analyzing linguistic data, and publishing findings to contribute novel solutions in computational linguistics and language understanding.",98,183
Game Developer,"The student wants to learn code creation and modification to build computer applications with scripting capabilities. They aim to develop expertise in testing procedures to ensure applications run properly according to technical specifications. The student seeks to master writing computer programs for data management, including storing, locating, and retrieving information. They want to understand how to work from detailed specifications provided by development teams and implement those requirements into functional code. Additionally, the student aspires to gain proficiency in the tools and languages necessary to create interactive game applications while maintaining code quality through rigorous testing methodologies.",97,287
Security Analyst,"The student wants to learn how to plan, implement, and upgrade security measures for computer networks and information protection. They aim to develop skills in assessing system vulnerabilities and identifying security risks to propose effective risk mitigation strategies. The student seeks to understand how to establish appropriate security controls that safeguard digital files and critical electronic infrastructure. Additionally, they want to acquire expertise in responding to computer security breaches and managing virus threats. These competencies will enable them to monitor security measures effectively and protect organizational systems from emerging threats.",90,394
Embedded Software Engineer,"The student wants to learn how to research, design, develop, and test automation systems, intelligent systems, and smart devices. Their goal is to master embedded software development techniques for industrial systems control. They need to acquire skills in designing and implementing software for specialized hardware environments. The student should develop expertise in testing methodologies specific to embedded systems and understand automation principles. Additionally, they want to gain competency in intelligent systems architecture and smart device development. Their learning path should emphasize practical application of embedded software concepts across various industrial control systems and automation platforms.",95,113
Data Analyst,The student wants to learn how to query data repositories effectively and generate periodic financial and market reports. They aim to develop proficiency in producing intelligence through data analysis and mastering methods for identifying data patterns and trends. The student seeks to understand how to work with available information sources to extract meaningful insights. They want to build skills in devising analytical approaches that uncover patterns within datasets and can communicate findings through systematic reporting. Their learning goals center on becoming capable of analyzing complex data sources to support financial and market decision-making processes.,94,194
Ethical Hacker,"The student wants to learn how to conduct simulated cyberattacks to evaluate network security systems. They need to develop expertise in adversary tools and techniques used to breach and exploit critical systems. The student aims to master penetration testing methodologies that attempt to gain unauthorized access to sensitive information. They want to understand how to assess system vulnerabilities through both internal and external attack simulations. The student is focused on building technical skills to identify security weaknesses before malicious actors can exploit them, ensuring organizations can strengthen their defenses against real threats.",92,244
Computer Vision Engineer,"The student wants to learn foundational computer science theory and principles that underpin vision systems. They aim to develop practical expertise in designing and implementing computer vision solutions by mastering both hardware and software components. The student seeks to conduct research into algorithmic approaches for processing and analyzing visual data. They want to gain skills in problem-solving specific to vision engineering challenges, including developing innovative solutions that bridge theoretical concepts with real-world applications. The student is interested in understanding the intersection of hardware capabilities and software optimization required to build effective computer vision systems.",94,183
DevOps Engineer,The student wants to learn software design principles and network software development techniques to support infrastructure automation. They aim to master database maintenance and development within application environments while coordinating with teams. The student seeks to understand computer hardware integration with software systems and develop performance specifications. They want to apply mathematical analysis and engineering principles to enhance existing software capabilities and research innovative solutions. The student intends to analyze user needs systematically and develop specialized utility programs that meet those requirements effectively.,83,569
Bioinformatician,"The student wants to learn bioinformatics theory and methods applicable to pharmaceuticals, medical technology, and biotechnology. They aim to develop expertise in computational biology and proteomics analysis. The student seeks to master database design and algorithm development for processing genomic data. They want to acquire skills in computer information science combined with biological knowledge. The student intends to gain proficiency in analyzing biological information systems and developing computational tools for bioinformatics research. Additionally, they want to understand medical informatics applications and how to apply computational methods to solve complex biological problems in research environments.",94,350
IoT Developer,"The student wants to learn software design and development principles applied to IoT systems, including analyzing user needs and creating customized solutions. They aim to develop expertise in automation, intelligent systems, and smart device control. The student seeks to understand computer and network software architecture, mathematical analysis techniques, and specialized utility program development. They want to master integration of hardware and software systems, including specifications and performance requirements. Additionally, the student intends to learn database maintenance and development within IoT applications, potentially working collaboratively on complex industrial systems control projects.",90,683
NLP Engineer,"The student wants to learn natural language processing techniques and data mining methodologies to extract and analyze information from large unstructured datasets. They aim to develop proficiency with data-oriented programming languages and machine learning algorithms applicable to NLP tasks. The student seeks to master data modeling and visualization software to transform raw data into meaningful information. Additionally, they want to apply analytics applications to interpret and report data findings effectively. Building skills in creating dynamic data reports and implementing NLP applications will prepare them for an NLP Engineer career focused on extracting insights from complex textual data.",97,436
UX Designer,"The student wants to learn how to design digital user interfaces and websites by developing and testing layouts, interfaces, functionality, and navigation menus. They aim to master web framework applications, client-side code, and processes to ensure compatibility across browsers and devices. The student seeks to evaluate designs following web and accessibility standards while analyzing web use metrics to optimize websites. They want to develop skills in designing interfaces that facilitate human-computer interaction, focusing on usability, aesthetics, and design principles. Additionally, the student wants to learn graphic creation for websites and website content management.",93,689
Healthcare IT Specialist,"The student wants to learn database management systems and how to administer, test, and implement computer databases effectively. They aim to develop expertise in identifying and resolving database performance issues, capacity planning, and scalability challenges specific to healthcare environments. The student seeks to master security measures and protocols for safeguarding sensitive medical data within computer databases. Additionally, they want to coordinate and implement database changes while maintaining system integrity. These technical competencies will enable them to support healthcare organizations' critical data infrastructure and ensure reliable patient information systems.",88,340
Data Privacy Specialist,"The student wants to learn how to develop and oversee information security procedures and policies to protect organizational data. They need to build expertise in security technology implementation, including firewalls and other protective systems for computer networks. The student aims to master designing and implementing security controls that identify vulnerabilities and safeguard digital files and electronic infrastructures. They want to develop skills in monitoring and responding to computer security breaches, viruses, and intrusions. Additionally, the student seeks to perform forensic investigations and conduct assessments of information security systems to ensure comprehensive data protection across all organizational touchpoints.",97,553
Geospatial Analyst,"The student wants to learn geographic information systems (GIS) technology as a core competency for managing and analyzing spatial databases. They aim to develop skills in building, maintaining, and modifying GIS databases to support scientific research and professional applications. The student intends to gain expertise in custom application development within geospatial environments and learn how to provide technical user support for GIS tools. They seek to understand how to work collaboratively with scientists and professionals to implement geospatial solutions for data analysis and spatial problem-solving across various domains.",88,214
Distributed Systems Engineer,"The student wants to learn network design and implementation across multiple infrastructure types including local area networks, wide area networks, intranets, and extranets. They aim to develop expertise in network modeling, analysis, and planning with specific focus on capacity assessment for network infrastructures. The student seeks to master network and computer security measure design, as well as evaluation of network and data communications hardware and software. Additionally, they want to build skills in recommending appropriate technologies and conducting research on emerging network solutions to support large-scale distributed computing environments.",89,432
Digital Forensics Specialist,"The student wants to learn digital forensics investigation techniques and computer crime analysis methodologies. They need to develop expertise in examining digital media, analyzing logs, and collecting evidence from cyber intrusion incidents. The student should gain proficiency in preserving chain of custody for computer-related evidence and presenting findings for criminal and fraud investigations. Additionally, they want to master system and network vulnerability assessment to support mitigation strategies. The student seeks technical skills in evidence preservation, digital analysis tools, and counterintelligence investigation procedures to support law enforcement operations.",87,452
AI Researcher,The student wants to learn fundamental computer science theory and information science principles that underpin artificial intelligence research. They aim to develop expertise in designing and implementing novel AI solutions and algorithms. The student seeks to master theoretical foundations necessary for conducting original research in computer science and AI. They want to gain skills in problem-solving methodologies and software development practices that enable invention of new AI technologies. The student is focused on building a strong foundation in both the mathematical and computational aspects of artificial intelligence to contribute meaningfully to the field through innovative research and development.,98,183
